{
  "project_info": {
    "project_number": "413125324643",
    "firebase_url": "https://fir-intro-eb01c.firebaseio.com",
    "project_id": "fir-intro-eb01c",
    "storage_bucket": "fir-intro-eb01c.appspot.com"
  },
  "client": [
    {
      "client_info": {
        "mobilesdk_app_id": "1:413125324643:android:18ecc52dd9b4018d35ed56",
        "android_client_info": {
          "package_name": "com.siyal.firebaseintroduction"
        }
      },
      "oauth_client": [
        {
          "client_id": "413125324643-3inng1nasukod26aplhqagribtjhoqus.apps.googleusercontent.com",
          "client_type": 1,
          "android_info": {
            "package_name": "com.siyal.firebaseintroduction",
            "certificate_hash": "6a33cb64781b62ec078b5aea44281fe602f310cc"
          }
        },
        {
          "client_id": "413125324643-kd9vd918ebf7ae2rckpb4buok7bfj2ua.apps.googleusercontent.com",
          "client_type": 3
        }
      ],
      "api_key": [
        {
          "current_key": "AIzaSyAPyLvYaMeMuqeZM7RqnonhMdFg1EV7jg8"
        }
      ],
      "services": {
        "appinvite_service": {
          "other_platform_oauth_client": [
            {
              "client_id": "413125324643-kd9vd918ebf7ae2rckpb4buok7bfj2ua.apps.googleusercontent.com",
              "client_type": 3
            }
          ]
        }
      }
    }
  ],
  "configuration_version": "1"
}